{
  "integrations": [
    {
      "id": "b0f70571-2c1f-43b6-9e54-d99f25553710",
      "name": "Trigger Build - Do Nothing Trigger",
      "action": "RUN_SCRIPT",
      "type": "INBOUND_WEBHOOK",
      "deployed": true,
      "form": "6b64d627-e432-4cb5-976f-92a87de47bc0",
      "environment": "HOSTED",
      "authType": "URL",
      "createdBy": "FLOW",
      "integrationScriptStepUuid": "619cfd72-cec3-4477-bf5b-743ee5fcf5ed"
    }
  ],
  "endpoints": [
    {
      "name": "CircleCI",
      "baseUrl": "https://circleci.com/api/v1.1",
      "type": "EXTERNAL",
      "authentication": "NO_AUTH"
    }
  ],
  "constants": [
    {
      "name": "CircleCI API Token",
      "value": "api token here",
      "description": "API token for CircleCI"
    }
  ]
}