[
  {
    "id": "4e8336a5-c22e-4b8d-8d0d-e80c7e9dbe64",
    "name": "CircleCI - Trigger Build",
    "description": "Triggers a build in CircleCI",
    "icon": "https://s3-xmatters-static.s3.amazonaws.com/null/customers/aa4ff4cd-06da-460c-b2d0-bb34ad66da69/IMAGE__20200506182745177__circleci.png",
    "script": "var circleCIRequest = http.request({\n    'endpoint': 'CircleCI',\n    'path': \"/project/\" + input['VCS Type'] + \"/\" + input['Organization'] + \"/\" + input['Repository'] +\"/build?circle-token=\" + input['API Token'],\n    'method': 'POST',\n});\n\n\n\nrequestBody = {\n    branch: input['Branch']\n}\n\nresponse = circleCIRequest.write(requestBody);\n\nbody = {};\nif (response.statusCode >= 200 && response.statusCode < 300) {\n    body = JSON.parse(response.body);\n    output['result'] = body\n} else {\n    throw \"Failed: \" + response.statusCode + \" \" + response.statusMessage;\n}\n",
    "endpointLabel": "CircleCI",
    "allowedEnvironment": "HOSTED",
    "accessibleByAll": "NotShared",
    "scriptStepType": "USER",
    "inputs": [
      {
        "id": "ed969586-acca-4d2f-a2ea-d7bc6d1abcec",
        "name": "API Token",
        "helpText": "Personal API Token for CircleCI",
        "defaultValue": "",
        "multiline": false,
        "required": true,
        "maxLength": 2000,
        "minLength": 0,
        "position": 0
      },
      {
        "id": "6d430a1e-a652-4ece-bc39-82b4b9d919f5",
        "name": "VCS Type",
        "helpText": "Refers to your chosen VCS (either github or bitbucket)",
        "defaultValue": "github",
        "multiline": false,
        "required": true,
        "maxLength": 2000,
        "minLength": 0,
        "position": 1
      },
      {
        "id": "d736019f-7d12-430e-9b7f-7af30c483e30",
        "name": "Organization",
        "helpText": "Name of CircleCI Organization (might be username)",
        "defaultValue": "",
        "multiline": false,
        "required": true,
        "maxLength": 2000,
        "minLength": 0,
        "position": 2
      },
      {
        "id": "6ed8bea9-aba0-4743-bd5f-86bdb861fd84",
        "name": "Repository",
        "helpText": "",
        "defaultValue": "",
        "multiline": false,
        "required": true,
        "maxLength": 2000,
        "minLength": 0,
        "position": 3
      },
      {
        "id": "99922ea3-6455-487a-a59e-bc8c17526845",
        "name": "Branch",
        "helpText": "",
        "defaultValue": "master",
        "multiline": false,
        "required": true,
        "maxLength": 2000,
        "minLength": 0,
        "position": 4
      }
    ],
    "outputs": [
      {
        "id": "f07fe80b-d7d7-46e2-9025-2e4e2c5491c9",
        "name": "result",
        "position": 0
      }
    ],
    "libraries": []
  },
  {
    "id": "619cfd72-cec3-4477-bf5b-743ee5fcf5ed",
    "name": "Do Nothing Trigger",
    "description": "Just triggers a flow",
    "icon": "/static/images/script_steps/http-trigger.png",
    "script": "//",
    "endpointLabel": "",
    "allowedEnvironment": "HOSTED",
    "accessibleByAll": "NotShared",
    "scriptStepType": "CUSTOM_HTTP",
    "inputs": [],
    "outputs": [
      {
        "id": "a5e90d11-0084-436c-907a-a6d1470d9f01",
        "name": "Data",
        "description": "",
        "position": 0
      }
    ],
    "libraries": []
  }
]