{
  "name": "Trigger Build",
  "form": "6b64d627-e432-4cb5-976f-92a87de47bc0",
  "blocks": [
    {
      "id": "61089802-35d4-43d0-ad2c-f6d9b61faab0",
      "endpoint": "CircleCI",
      "label": "CircleCI - Trigger Build",
      "environment": "HOSTED",
      "presentation": "{\"w\":60,\"x\":170,\"h\":60,\"y\":0}",
      "step": "4e8336a5-c22e-4b8d-8d0d-e80c7e9dbe64",
      "stepType": "SCRIPT_STEP",
      "inputMappings": [
        {
          "inputPort": "input",
          "mapping": "${constants.CircleCI API Token}",
          "stepInput": "ed969586-acca-4d2f-a2ea-d7bc6d1abcec"
        },
        {
          "inputPort": "input",
          "mapping": "github",
          "stepInput": "6d430a1e-a652-4ece-bc39-82b4b9d919f5"
        },
        {
          "inputPort": "input",
          "mapping": "master",
          "stepInput": "99922ea3-6455-487a-a59e-bc8c17526845"
        }
      ]
    },
    {
      "id": "d87d23dd-96e0-4e00-9b5e-224e4b3db93a",
      "label": "Trigger Build - Do Nothing Trigger",
      "environment": "HOSTED",
      "presentation": "{\"w\":60,\"x\":0,\"h\":60,\"y\":0}",
      "step": "b0f70571-2c1f-43b6-9e54-d99f25553710",
      "stepType": "INTEGRATION"
    }
  ],
  "edges": [
    {
      "fromBlock": "d87d23dd-96e0-4e00-9b5e-224e4b3db93a",
      "fromPort": "output",
      "toBlock": "61089802-35d4-43d0-ad2c-f6d9b61faab0",
      "toPort": "input"
    }
  ]
}